month,year,day,weekday,time,location,publisher1,publisher2,week
10,2026,1,Quinta-feira,08:00 ÀS 10:00,FEIRA (PROX. CAMARA),Nadir,Catarina,1
10,2026,1,Quinta-feira,10:00 ÀS 12:00,FEIRA (PROX. CAMARA),Margarida,Maria Gutierrez,1
10,2026,2,Sexta-feira,16:00 ÀS 18:00,HOSPITAL,Aparecida Santos,Leda,1
10,2026,3,Sábado,11:00 ÀS 12:00,SOUZA BUENO,Andreia da Silva,Claudia Assis,1
10,2026,3,Sábado,12:00 ÀS 13:00,SOUZA BUENO,Cristiano,Amaury,1
10,2026,5,Segunda-feira,16:00 ÀS 18:00,SOUZA BUENO,Sidnéia,Vera Andrade,2
10,2026,6,Terça-feira,09:00 ÀS 11:00,HOSPITAL,Cristiane,Leonor,2
10,2026,6,Terça-feira,14:00 ÀS 16:00,HOSPITAL,Nazareth,Kátia,2
10,2026,7,Quarta-feira,14:00 ÀS 16:00,HOSPITAL,Andréa,Maria Rodrigues,2
10,2026,8,Quinta-feira,08:00 ÀS 10:00,FEIRA (PROX. CAMARA),Valdemar,Luzia,2
10,2026,8,Quinta-feira,10:00 ÀS 12:00,FEIRA (PROX. CAMARA),Giorgio,Ana Paula,2
10,2026,9,Sexta-feira,16:00 ÀS 18:00,HOSPITAL,Meire Brandão,Jorge Brandão,2
10,2026,10,Sábado,11:00 ÀS 12:00,SOUZA BUENO,Angelica,Daiane,2
10,2026,10,Sábado,12:00 ÀS 13:00,SOUZA BUENO,Anderson,Conrado,2
10,2026,12,Segunda-feira,16:00 ÀS 18:00,SOUZA BUENO,Meire Brandão,Maria Gutierrez,3
10,2026,13,Terça-feira,09:00 ÀS 11:00,HOSPITAL,Vera Andrade,Maria Amorim,3
10,2026,13,Terça-feira,14:00 ÀS 16:00,HOSPITAL,Maria Rodrigues,Claudia Xavier,3
10,2026,14,Quarta-feira,14:00 ÀS 16:00,HOSPITAL,Aparecida Santos,Kátia,3
10,2026,14,Quarta-feira,18:30 ÀS 19:30,SOUZA BUENO,Edvan,Sérgio,3
10,2026,15,Quinta-feira,08:00 ÀS 10:00,FEIRA (PROX. CAMARA),Catarina,Ana Paula,3
10,2026,15,Quinta-feira,10:00 ÀS 12:00,FEIRA (PROX. CAMARA),Margarida,Cristiane,3
10,2026,16,Sexta-feira,16:00 ÀS 18:00,HOSPITAL,Leonor,Leda,3
10,2026,17,Sábado,11:00 ÀS 12:00,SOUZA BUENO,Deyse,Luciana,3
10,2026,17,Sábado,12:00 ÀS 13:00,SOUZA BUENO,Claudio Evangelista,Alexandre,3
10,2026,19,Segunda-feira,16:00 ÀS 18:00,SOUZA BUENO,Sidnéia,Maria Gutierrez,4
10,2026,20,Terça-feira,09:00 ÀS 11:00,HOSPITAL,Vera Andrade,Maria Amorim,4
10,2026,20,Terça-feira,14:00 ÀS 16:00,HOSPITAL,Nazareth,Claudia Assis,4
10,2026,21,Quarta-feira,14:00 ÀS 16:00,HOSPITAL,Andréa,Leonor,4
10,2026,22,Quinta-feira,08:00 ÀS 10:00,FEIRA (PROX. CAMARA),Nadir,Catarina,4
10,2026,22,Quinta-feira,10:00 ÀS 12:00,FEIRA (PROX. CAMARA),Valdemar,Luzia,4
10,2026,23,Sexta-feira,16:00 ÀS 18:00,HOSPITAL,Claudia Xavier,Kátia,4
10,2026,24,Sábado,11:00 ÀS 12:00,SOUZA BUENO,Elisabete,Silmara,4
10,2026,24,Sábado,12:00 ÀS 13:00,SOUZA BUENO,Sérgio,Paulo Cesar,4
10,2026,26,Segunda-feira,16:00 ÀS 18:00,SOUZA BUENO,Margarida,Meire Brandão,5
10,2026,27,Terça-feira,09:00 ÀS 11:00,HOSPITAL,Maria Rodrigues,Ana Paula,5
10,2026,27,Terça-feira,14:00 ÀS 16:00,HOSPITAL,Cristiane,Claudia Assis,5
10,2026,28,Quarta-feira,14:00 ÀS 16:00,HOSPITAL,Andréa,Leda,5
10,2026,28,Quarta-feira,18:30 ÀS 19:30,SOUZA BUENO,Dionas,Anderson,5
10,2026,29,Quinta-feira,08:00 ÀS 10:00,FEIRA (PROX. CAMARA),Maria Gutierrez,Maria Amorim,5
10,2026,29,Quinta-feira,10:00 ÀS 12:00,FEIRA (PROX. CAMARA),Valdemar,Luzia,5
10,2026,30,Sexta-feira,16:00 ÀS 18:00,HOSPITAL,Sidnéia,Claudia Xavier,5
10,2026,31,Sábado,11:00 ÀS 12:00,SOUZA BUENO,Mara,Mayara,5
10,2026,31,Sábado,12:00 ÀS 13:00,SOUZA BUENO,Dionas,Gilberto,5
